{"cameraMode":{"drawMode":0,"name":"Shaded","section":"Shading Mode"},"sceneLighting":false,"audioPlay":false,"sceneViewState":{"showFog":true,"showMaterialUpdate":false,"showSkybox":true,"showFlares":true,"showImageEffects":true,"showParticleSystems":true},"in2DMode":false,"pivot":{"x":4.191188812255859,"y":3.151118040084839,"z":-14.472224235534668},"rotation":{"x":0.117031529545784,"y":-0.01309877447783947,"z":0.0015437277033925057,"w":0.9930406212806702},"size":22.0,"orthographic":false}