{"cameraMode":{"drawMode":0,"name":"Shaded","section":"Shading Mode"},"sceneLighting":true,"audioPlay":false,"sceneViewState":{"showFog":true,"showMaterialUpdate":false,"showSkybox":true,"showFlares":true,"showImageEffects":true,"showParticleSystems":true},"in2DMode":false,"pivot":{"x":3.4683942794799806,"y":-0.6656434535980225,"z":-0.1832132339477539},"rotation":{"x":0.12448302656412125,"y":0.007749409414827824,"z":-0.0009722666582092643,"w":0.9921910762786865},"size":13.521210670471192,"orthographic":false}